Date,last price
15/1/2007, 3.03 
1/16/2007, 3.00 
1/17/2007, 2.98 
1/18/2007, 3.00 
1/19/2007, 3.00 
1/22/2007, 2.98 
1/23/2007, 2.98 
1/24/2007, 3.00 
1/25/2007, 2.95 
1/26/2007, 2.93 
1/29/2007, 2.88 
1/30/2007, 2.85 
1/31/2007, 2.88 
2/1/2007, 2.85 
2/2/2007, 2.90 
2/5/2007, 2.95 
2/6/2007, 2.90 
2/7/2007, 2.90 
2/8/2007, 2.90 
2/9/2007, 2.93 
2/12/2007, 2.93 
2/13/2007, 2.93 
2/14/2007, 2.95 
2/15/2007, 2.98 
2/16/2007, 2.95 
2/19/2007, 2.93 
2/20/2007, 2.98 
2/21/2007, 2.93 
2/22/2007, 2.93 
2/23/2007, 2.93 
2/26/2007, 2.95 
2/27/2007, 2.93 
2/28/2007, 2.85 
3/1/2007, 2.83 
3/2/2007, 2.85 
3/6/2007, 2.88 
3/7/2007, 2.85 
3/8/2007, 2.80 
3/9/2007, 2.80 
3/12/2007, 2.83 
3/13/2007, 2.85 
3/14/2007, 2.85 
3/15/2007, 2.90 
3/16/2007, 2.85 
3/19/2007, 2.85 
3/20/2007, 2.85 
3/21/2007, 2.85 
3/22/2007, 2.83 
3/23/2007, 2.88 
3/26/2007, 2.90 
3/27/2007, 2.90 
3/28/2007, 2.85 
3/29/2007, 2.90 
3/30/2007, 3.00 
4/2/2007, 2.90 
4/3/2007, 2.95 
4/4/2007, 3.03 
4/5/2007, 3.10 
4/9/2007, 3.13 
4/10/2007, 3.25 
4/11/2007, 3.35 
4/12/2007, 3.33 
4/17/2007, 3.40 
4/18/2007, 3.35 
4/19/2007, 3.35 
4/20/2007, 3.35 
4/23/2007, 3.35 
4/24/2007, 3.35 
4/25/2007, 3.35 
4/26/2007, 3.35 
4/27/2007, 3.53 
4/30/2007, 3.70 
5/2/2007, 3.78 
5/3/2007, 3.88 
5/4/2007, 4.00 
5/8/2007, 4.13 
5/9/2007, 4.00 
5/10/2007, 3.95 
5/11/2007, 3.90 
5/14/2007, 4.00 
5/15/2007, 4.28 
5/16/2007, 4.50 
5/17/2007, 4.38 
5/18/2007, 4.88 
5/21/2007, 5.05 
5/22/2007, 4.93 
5/23/2007, 5.00 
5/24/2007, 4.95 
5/25/2007, 4.88 
5/28/2007, 4.93 
5/29/2007, 4.95 
5/30/2007, 5.00 
6/1/2007, 5.00 
6/4/2007, 4.98 
6/5/2007, 4.93 
6/6/2007, 4.98 
6/7/2007, 4.93 
6/8/2007, 4.90 
6/11/2007, 4.93 
6/12/2007, 4.95 
6/13/2007, 4.88 
6/14/2007, 4.90 
6/15/2007, 4.90 
6/18/2007, 4.88 
6/19/2007, 4.93 
6/20/2007, 4.93 
6/21/2007, 4.88 
6/22/2007, 4.90 
6/25/2007, 4.90 
6/26/2007, 4.90 
6/27/2007, 4.90 
6/28/2007, 4.93 
6/29/2007, 4.93 
7/2/2007, 5.35 
7/3/2007, 6.00 
7/4/2007, 5.95 
7/5/2007, 5.90 
7/6/2007, 5.80 
7/9/2007, 6.00 
7/10/2007, 5.75 
7/11/2007, 5.40 
7/12/2007, 5.50 
7/13/2007, 5.60 
7/16/2007, 5.55 
7/17/2007, 5.60 
7/18/2007, 5.80 
7/19/2007, 5.75 
7/20/2007, 5.90 
7/23/2007, 6.15 
7/24/2007, 6.05 
7/25/2007, 6.15 
7/26/2007, 6.20 
7/27/2007, 5.90 
7/31/2007, 6.00 
8/1/2007, 5.65 
8/2/2007, 5.70 
8/3/2007, 5.85 
8/6/2007, 5.70 
8/7/2007, 5.65 
8/8/2007, 5.70 
8/9/2007, 5.80 
8/10/2007, 5.55 
8/14/2007, 5.45 
8/15/2007, 5.05 
8/16/2007, 4.88 
8/17/2007, 4.95 
8/20/2007, 5.35 
8/21/2007, 5.10 
8/22/2007, 5.35 
8/23/2007, 5.45 
8/24/2007, 5.30 
8/27/2007, 5.30 
8/28/2007, 5.30 
8/29/2007, 5.50 
8/30/2007, 5.45 
8/31/2007, 5.45 
9/3/2007, 5.50 
9/4/2007, 5.40 
9/5/2007, 5.35 
9/6/2007, 5.40 
9/7/2007, 5.35 
9/10/2007, 5.25 
9/11/2007, 5.35 
9/12/2007, 5.40 
9/13/2007, 5.45 
9/14/2007, 5.40 
9/17/2007, 5.45 
9/18/2007, 5.50 
9/19/2007, 5.55 
9/20/2007, 5.45 
9/21/2007, 5.50 
9/24/2007, 5.50 
9/25/2007, 5.50 
9/26/2007, 5.55 
9/27/2007, 5.65 
9/28/2007, 5.65 
10/1/2007, 5.65 
10/2/2007, 5.65 
10/3/2007, 5.60 
10/4/2007, 5.60 
10/5/2007, 5.60 
10/8/2007, 5.65 
10/9/2007, 5.65 
10/10/2007, 5.65 
10/11/2007, 5.60 
10/12/2007, 5.55 
10/15/2007, 5.40 
10/16/2007, 5.20 
10/17/2007, 5.25 
10/18/2007, 5.15 
10/19/2007, 5.15 
10/22/2007, 5.00 
10/24/2007, 5.15 
10/25/2007, 5.15 
10/26/2007, 5.15 
10/29/2007, 5.20 
10/30/2007, 5.15 
10/31/2007, 5.05 
11/1/2007, 5.05 
11/2/2007, 5.05 
11/5/2007, 5.00 
11/6/2007, 5.00 
11/7/2007, 5.00 
11/8/2007, 4.98 
11/9/2007, 4.98 
11/12/2007, 4.93 
11/13/2007, 4.80 
11/14/2007, 4.88 
11/15/2007, 4.90 
11/16/2007, 4.78 
11/19/2007, 4.63 
11/20/2007, 4.75 
11/21/2007, 4.70 
11/22/2007, 4.65 
11/23/2007, 4.70 
11/26/2007, 4.75 
11/27/2007, 4.70 
11/28/2007, 4.78 
11/29/2007, 4.80 
11/30/2007, 4.78 
12/3/2007, 4.80 
12/4/2007, 4.75 
12/6/2007, 4.60 
12/7/2007, 4.78 
12/11/2007, 4.75 
12/12/2007, 4.70 
12/13/2007, 4.60 
12/14/2007, 4.63 
12/17/2007, 4.58 
12/18/2007, 4.53 
12/19/2007, 4.58 
12/20/2007, 4.65 
12/21/2007, 4.70 
12/25/2007, 4.98 
12/26/2007, 4.95 
12/27/2007, 5.35 
12/28/2007, 5.45 
1/2/2008, 5.35 
1/3/2008, 5.25 
1/4/2008, 5.35 
1/7/2008, 5.15 
1/8/2008, 5.10 
1/9/2008, 5.15 
1/10/2008, 4.98 
1/11/2008, 4.88 
1/14/2008, 4.95 
1/15/2008, 4.88 
1/16/2008, 4.93 
1/17/2008, 4.93 
1/18/2008, 4.88 
1/21/2008, 4.98 
1/22/2008, 5.00 
1/23/2008, 4.93 
1/24/2008, 4.93 
1/25/2008, 5.00 
1/28/2008, 5.10 
1/29/2008, 5.10 
1/30/2008, 5.35 
1/31/2008, 5.40 
2/1/2008, 5.55 
2/4/2008, 5.65 
2/5/2008, 5.50 
2/6/2008, 5.35 
2/7/2008, 5.40 
2/8/2008, 5.50 
2/11/2008, 5.45 
2/12/2008, 5.50 
2/13/2008, 5.40 
2/14/2008, 5.40 
2/15/2008, 5.40 
2/18/2008, 5.45 
2/19/2008, 5.50 
2/20/2008, 5.50 
2/22/2008, 5.40 
2/25/2008, 5.35 
2/26/2008, 5.35 
2/27/2008, 5.30 
2/28/2008, 5.40 
2/29/2008, 5.50 
3/3/2008, 5.50 
3/4/2008, 5.55 
3/5/2008, 5.60 
3/6/2008, 5.60 
3/7/2008, 5.50 
3/10/2008, 5.40 
3/11/2008, 5.50 
3/12/2008, 5.45 
3/13/2008, 5.35 
3/14/2008, 5.40 
3/17/2008, 5.40 
3/18/2008, 5.40 
3/19/2008, 5.45 
3/20/2008, 5.45 
3/21/2008, 5.40 
3/24/2008, 5.40 
3/25/2008, 5.40 
3/26/2008, 5.35 
3/27/2008, 5.30 
3/28/2008, 5.25 
3/31/2008, 5.20 
4/1/2008, 5.35 
4/2/2008, 5.30 
4/3/2008, 5.30 
4/4/2008, 5.10 
4/8/2008, 5.10 
4/9/2008, 5.05 
4/10/2008, 5.05 
4/11/2008, 5.20 
4/16/2008, 5.25 
4/17/2008, 5.25 
4/18/2008, 5.20 
4/21/2008, 5.15 
4/22/2008, 5.20 
4/23/2008, 5.20 
4/24/2008, 5.25 
4/25/2008, 5.05 
4/28/2008, 5.10 
4/29/2008, 5.10 
4/30/2008, 5.10 
5/2/2008, 5.25 
5/6/2008, 5.20 
5/7/2008, 5.20 
5/8/2008, 5.20 
5/9/2008, 5.25 
5/12/2008, 5.20 
5/13/2008, 5.20 
5/14/2008, 5.25 
5/15/2008, 5.75 
5/16/2008, 5.70 
5/20/2008, 5.55 
5/21/2008, 5.70 
5/22/2008, 5.65 
5/23/2008, 5.65 
5/26/2008, 5.70 
5/27/2008, 5.75 
5/28/2008, 5.65 
5/29/2008, 5.75 
5/30/2008, 5.50 
6/2/2008, 5.60 
6/3/2008, 5.65 
6/4/2008, 5.75 
6/5/2008, 5.75 
6/6/2008, 5.70 
6/9/2008, 5.70 
6/10/2008, 5.65 
6/11/2008, 5.55 
6/12/2008, 5.70 
6/13/2008, 5.65 
6/16/2008, 5.70 
6/17/2008, 5.70 
6/18/2008, 5.65 
6/19/2008, 5.65 
6/20/2008, 5.55 
6/23/2008, 5.60 
6/24/2008, 5.50 
6/25/2008, 5.40 
6/26/2008, 5.45 
6/27/2008, 5.35 
6/30/2008, 5.35 
7/2/2008, 5.30 
7/3/2008, 5.15 
7/4/2008, 5.25 
7/7/2008, 5.25 
7/8/2008, 5.45 
7/9/2008, 5.45 
7/10/2008, 5.30 
7/11/2008, 5.30 
7/14/2008, 5.15 
7/15/2008, 5.10 
7/16/2008, 5.00 
7/18/2008, 4.80 
7/21/2008, 5.00 
7/22/2008, 4.85 
7/23/2008, 4.95 
7/24/2008, 4.95 
7/25/2008, 4.88 
7/28/2008, 4.90 
7/29/2008, 4.85 
7/30/2008, 4.93 
7/31/2008, 4.90 
8/1/2008, 4.93 
8/4/2008, 4.90 
8/5/2008, 4.93 
8/6/2008, 4.93 
8/7/2008, 5.05 
8/8/2008, 4.95 
8/11/2008, 5.00 
8/13/2008, 5.00 
8/14/2008, 5.45 
8/15/2008, 5.45 
8/18/2008, 5.40 
8/19/2008, 5.40 
8/20/2008, 5.55 
8/21/2008, 5.45 
8/22/2008, 5.35 
8/25/2008, 5.30 
8/26/2008, 5.35 
8/27/2008, 5.45 
8/28/2008, 5.50 
8/29/2008, 5.40 
9/1/2008, 5.45 
9/2/2008, 5.35 
9/3/2008, 5.40 
9/4/2008, 5.25 
9/5/2008, 5.25 
9/8/2008, 5.50 
9/9/2008, 5.40 
9/10/2008, 5.45 
9/11/2008, 5.40 
9/12/2008, 5.45 
9/15/2008, 5.45 
9/16/2008, 5.30 
9/17/2008, 5.30 
9/18/2008, 5.30 
9/19/2008, 5.40 
9/22/2008, 5.45 
9/23/2008, 5.30 
9/24/2008, 5.30 
9/25/2008, 5.45 
9/26/2008, 5.40 
9/29/2008, 5.35 
9/30/2008, 5.40 
10/1/2008, 5.35 
10/2/2008, 5.45 
10/3/2008, 5.40 
10/6/2008, 5.35 
10/7/2008, 5.25 
10/8/2008, 4.95 
10/9/2008, 5.05 
10/10/2008, 4.73 
10/13/2008, 4.88 
10/14/2008, 4.98 
10/15/2008, 4.78 
10/16/2008, 4.78 
10/17/2008, 4.85 
10/20/2008, 4.78 
10/21/2008, 4.83 
10/22/2008, 4.75 
10/24/2008, 4.63 
10/27/2008, 4.43 
10/28/2008, 3.98 
10/29/2008, 3.50 
10/30/2008, 3.75 
10/31/2008, 3.85 
11/3/2008, 4.70 
11/4/2008, 4.95 
11/5/2008, 4.90 
11/6/2008, 4.90 
11/7/2008, 4.90 
11/10/2008, 4.88 
11/11/2008, 4.90 
11/12/2008, 4.83 
11/13/2008, 5.00 
11/14/2008, 5.10 
11/17/2008, 5.35 
11/18/2008, 5.15 
11/19/2008, 5.20 
11/20/2008, 5.05 
11/21/2008, 5.25 
11/24/2008, 5.30 
11/25/2008, 5.30 
11/26/2008, 5.30 
11/27/2008, 5.00 
11/28/2008, 5.30 
12/1/2008, 5.25 
12/2/2008, 5.40 
12/3/2008, 5.75 
12/4/2008, 5.80 
12/8/2008, 6.10 
12/9/2008, 5.95 
12/11/2008, 5.70 
12/12/2008, 5.55 
12/15/2008, 5.45 
12/16/2008, 5.30 
12/17/2008, 5.55 
12/18/2008, 5.80 
12/19/2008, 5.60 
12/22/2008, 5.65 
12/23/2008, 5.80 
12/24/2008, 5.90 
12/25/2008, 6.15 
12/26/2008, 6.10 
12/29/2008, 6.10 
12/30/2008, 6.15 
1/5/2009, 6.30 
1/6/2009, 6.25 
1/7/2009, 5.85 
1/8/2009, 5.90 
1/9/2009, 5.95 
1/12/2009, 5.90 
1/13/2009, 5.75 
1/14/2009, 5.70 
1/15/2009, 5.65 
1/16/2009, 5.80 
1/19/2009, 5.70 
1/20/2009, 5.80 
1/21/2009, 5.75 
1/22/2009, 5.70 
1/23/2009, 5.75 
1/26/2009, 5.75 
1/27/2009, 5.75 
1/28/2009, 5.65 
1/29/2009, 5.60 
1/30/2009, 5.60 
2/2/2009, 5.60 
2/3/2009, 5.75 
2/4/2009, 5.85 
2/5/2009, 5.85 
2/6/2009, 5.90 
2/10/2009, 5.95 
2/11/2009, 6.05 
2/12/2009, 5.95 
2/13/2009, 6.05 
2/16/2009, 6.05 
2/17/2009, 6.15 
2/18/2009, 6.45 
2/19/2009, 6.40 
2/20/2009, 6.10 
2/23/2009, 6.15 
2/24/2009, 6.30 
2/25/2009, 6.30 
2/26/2009, 6.10 
2/27/2009, 6.05 
3/2/2009, 6.05 
3/3/2009, 6.25 
3/4/2009, 6.35 
3/5/2009, 6.40 
3/6/2009, 6.35 
3/9/2009, 6.20 
3/10/2009, 6.25 
3/11/2009, 6.20 
3/12/2009, 5.90 
3/13/2009, 6.10 
3/16/2009, 6.15 
3/17/2009, 6.10 
3/18/2009, 6.15 
3/19/2009, 6.20 
3/20/2009, 6.15 
3/23/2009, 6.25 
3/24/2009, 6.25 
3/25/2009, 6.20 
3/26/2009, 6.20 
3/27/2009, 6.25 
3/30/2009, 6.15 
3/31/2009, 6.30 
4/1/2009, 6.25 
4/2/2009, 6.35 
4/3/2009, 6.20 
4/7/2009, 6.05 
4/8/2009, 6.15 
4/9/2009, 6.00 
4/10/2009, 6.15 
4/16/2009, 5.90 
4/17/2009, 5.85 
4/20/2009, 5.85 
4/21/2009, 5.95 
4/22/2009, 5.90 
4/23/2009, 5.95 
4/24/2009, 5.95 
4/27/2009, 6.00 
4/28/2009, 6.05 
4/29/2009, 6.10 
4/30/2009, 6.25 
5/4/2009, 6.40 
5/6/2009, 6.40 
5/7/2009, 6.40 
5/11/2009, 6.20 
5/12/2009, 6.35 
5/13/2009, 6.90 
5/14/2009, 6.45 
5/15/2009, 6.60 
5/18/2009, 6.55 
5/19/2009, 6.60 
5/20/2009, 6.60 
5/21/2009, 6.55 
5/22/2009, 7.00 
5/25/2009, 6.75 
5/26/2009, 6.90 
5/27/2009, 7.45 
5/28/2009, 7.45 
5/29/2009, 7.25 
6/1/2009, 7.60 
6/2/2009, 7.40 
6/3/2009, 7.55 
6/4/2009, 7.75 
6/5/2009, 8.20 
6/8/2009, 8.10 
6/9/2009, 8.15 
6/10/2009, 8.20 
6/11/2009, 8.25 
6/12/2009, 8.30 
6/15/2009, 8.60 
6/16/2009, 8.25 
6/17/2009, 7.95 
6/18/2009, 7.80 
6/19/2009, 8.10 
6/22/2009, 8.15 
6/23/2009, 8.25 
6/24/2009, 8.35 
6/25/2009, 8.75 
6/26/2009, 8.65 
6/29/2009, 8.50 
6/30/2009, 8.55 
7/2/2009, 8.10 
7/3/2009, 7.90 
7/8/2009, 8.05 
7/9/2009, 8.20 
7/10/2009, 8.05 
7/13/2009, 8.00 
7/14/2009, 8.10 
7/15/2009, 8.25 
7/16/2009, 8.35 
7/17/2009, 8.30 
7/20/2009, 8.50 
7/21/2009, 8.35 
7/22/2009, 8.15 
7/23/2009, 8.25 
7/24/2009, 8.10 
7/27/2009, 8.10 
7/28/2009, 8.10 
7/29/2009, 8.20 
7/30/2009, 8.35 
7/31/2009, 8.35 
8/3/2009, 8.35 
8/4/2009, 8.30 
8/5/2009, 8.35 
8/6/2009, 8.50 
8/7/2009, 8.45 
8/10/2009, 8.45 
8/11/2009, 8.45 
8/13/2009, 8.85 
8/14/2009, 8.95 
8/17/2009, 8.50 
8/18/2009, 8.55 
8/19/2009, 8.50 
8/20/2009, 8.50 
8/21/2009, 8.45 
8/24/2009, 8.45 
8/25/2009, 8.40 
8/26/2009, 8.35 
8/27/2009, 8.35 
8/28/2009, 8.35 
8/31/2009, 8.45 
9/1/2009, 8.60 
9/2/2009, 8.55 
9/3/2009, 8.75 
9/4/2009, 8.70 
9/7/2009, 8.70 
9/8/2009, 8.75 
9/9/2009, 8.60 
9/10/2009, 8.75 
9/11/2009, 8.85 
9/14/2009, 8.75 
9/15/2009, 9.00 
9/16/2009, 9.20 
9/17/2009, 9.45 
9/18/2009, 9.45 
9/21/2009, 9.40 
9/22/2009, 9.65 
9/23/2009, 9.90 
9/24/2009, 10.10 
9/25/2009, 10.05 
9/28/2009, 9.80 
9/29/2009, 10.10 
9/30/2009, 10.05 
10/1/2009, 9.95 
10/2/2009, 10.05 
10/5/2009, 9.95 
10/6/2009, 10.00 
10/7/2009, 10.00 
10/8/2009, 9.95 
10/9/2009, 9.95 
10/12/2009, 10.15 
10/13/2009, 9.95 
10/14/2009, 9.95 
10/15/2009, 9.25 
10/16/2009, 9.60 
10/19/2009, 9.55 
10/20/2009, 9.50 
10/21/2009, 9.45 
10/22/2009, 9.30 
10/26/2009, 9.15 
10/27/2009, 9.40 
10/28/2009, 9.35 
10/29/2009, 9.40 
10/30/2009, 9.50 
11/2/2009, 9.45 
11/3/2009, 9.60 
11/4/2009, 9.65 
11/5/2009, 9.55 
11/6/2009, 9.55 
11/9/2009, 9.85 
11/10/2009, 9.85 
11/11/2009, 10.00 
11/12/2009, 9.70 
11/13/2009, 10.45 
11/16/2009, 11.00 
11/17/2009, 10.75 
11/18/2009, 10.65 
11/19/2009, 10.65 
11/20/2009, 10.45 
11/23/2009, 10.65 
11/24/2009, 10.55 
11/25/2009, 10.60 
11/26/2009, 10.50 
11/27/2009, 10.40 
11/30/2009, 10.40 
12/1/2009, 10.80 
12/2/2009, 10.70 
12/3/2009, 10.85 
12/4/2009, 10.75 
12/8/2009, 10.65 
12/9/2009, 10.75 
12/11/2009, 10.80 
12/14/2009, 11.50 
12/15/2009, 11.55 
12/16/2009, 12.00 
12/17/2009, 11.80 
12/18/2009, 11.75 
12/21/2009, 11.60 
12/22/2009, 11.65 
12/23/2009, 11.70 
12/24/2009, 11.75 
12/25/2009, 11.80 
12/28/2009, 12.05 
12/29/2009, 12.20 
12/30/2009, 12.40 
1/4/2010, 12.20 
1/5/2010, 11.95 
1/6/2010, 11.85 
1/7/2010, 11.75 
1/8/2010, 12.00 
1/11/2010, 12.00 
1/12/2010, 12.50 
1/13/2010, 12.20 
1/14/2010, 12.15 
1/15/2010, 12.25 
1/18/2010, 12.15 
1/19/2010, 12.05 
1/20/2010, 12.10 
1/21/2010, 11.95 
1/22/2010, 11.80 
1/25/2010, 12.05 
1/26/2010, 11.80 
1/27/2010, 11.30 
1/28/2010, 11.40 
1/29/2010, 11.50 
2/1/2010, 11.55 
2/2/2010, 11.80 
2/3/2010, 11.90 
2/4/2010, 11.95 
2/5/2010, 11.65 
2/8/2010, 11.75 
2/9/2010, 11.80 
2/10/2010, 11.85 
2/11/2010, 11.85 
2/12/2010, 12.00 
2/15/2010, 11.85 
2/16/2010, 11.90 
2/17/2010, 12.05 
2/18/2010, 12.10 
2/19/2010, 11.95 
2/22/2010, 12.05 
2/23/2010, 12.10 
2/24/2010, 12.05 
2/25/2010, 11.85 
2/26/2010, 11.80 
3/2/2010, 11.90 
3/3/2010, 11.95 
3/4/2010, 11.80 
3/5/2010, 11.75 
3/8/2010, 11.70 
3/9/2010, 11.80 
3/10/2010, 12.00 
3/11/2010, 12.00 
3/12/2010, 12.00 
3/15/2010, 12.05 
3/16/2010, 12.15 
3/17/2010, 12.30 
3/18/2010, 12.35 
3/19/2010, 12.50 
3/22/2010, 13.00 
3/23/2010, 13.00 
3/24/2010, 13.25 
3/25/2010, 13.38 
3/26/2010, 13.63 
3/29/2010, 13.50 
3/30/2010, 13.88 
3/31/2010, 13.75 
4/1/2010, 14.13 
4/2/2010, 14.00 
4/5/2010, 14.13 
4/7/2010, 14.13 
4/8/2010, 13.88 
4/9/2010, 14.00 
4/12/2010, 13.75 
4/16/2010, 13.00 
4/19/2010, 13.13 
4/20/2010, 13.88 
4/21/2010, 13.75 
4/22/2010, 14.00 
4/23/2010, 14.25 
4/26/2010, 14.13 
4/27/2010, 14.13 
4/28/2010, 14.00 
4/29/2010, 14.00 
4/30/2010, 13.88 
5/4/2010, 14.88 
5/6/2010, 14.50 
5/7/2010, 14.13 
5/10/2010, 14.25 
5/11/2010, 14.13 
5/12/2010, 14.25 
5/13/2010, 14.00 
5/14/2010, 13.50 
5/17/2010, 13.75 
5/18/2010, 13.75 
5/19/2010, 13.75 
5/24/2010, 13.25 
5/25/2010, 13.13 
5/26/2010, 14.13 
5/27/2010, 13.63 
5/31/2010, 13.88 
6/1/2010, 13.50 
6/2/2010, 13.88 
6/3/2010, 14.25 
6/4/2010, 14.63 
6/7/2010, 14.25 
6/8/2010, 14.13 
6/9/2010, 14.25 
6/10/2010, 14.00 
6/11/2010, 14.13 
6/14/2010, 14.25 
6/15/2010, 14.25 
6/16/2010, 14.25 
6/17/2010, 14.38 
6/18/2010, 14.38 
6/21/2010, 14.25 
6/22/2010, 14.25 
6/23/2010, 14.63 
6/24/2010, 14.13 
6/25/2010, 14.38 
6/28/2010, 14.38 
6/29/2010, 14.38 
6/30/2010, 14.38 
7/2/2010, 14.25 
7/5/2010, 14.13 
7/6/2010, 14.25 
7/7/2010, 14.63 
7/8/2010, 14.75 
7/9/2010, 14.50 
7/12/2010, 14.75 
7/13/2010, 14.88 
7/14/2010, 14.63 
7/15/2010, 14.63 
7/16/2010, 14.88 
7/19/2010, 14.75 
7/20/2010, 14.63 
7/21/2010, 15.38 
7/22/2010, 15.25 
7/23/2010, 15.88 
7/27/2010, 15.50 
7/28/2010, 15.38 
7/29/2010, 15.75 
7/30/2010, 16.13 
8/2/2010, 16.00 
8/3/2010, 16.00 
8/4/2010, 15.88 
8/5/2010, 16.00 
8/6/2010, 16.00 
8/9/2010, 15.88 
8/10/2010, 15.88 
8/11/2010, 16.25 
8/16/2010, 17.38 
8/17/2010, 17.63 
8/18/2010, 17.63 
8/19/2010, 17.63 
8/20/2010, 17.75 
8/23/2010, 17.88 
8/24/2010, 17.88 
8/25/2010, 17.88 
8/26/2010, 18.38 
8/27/2010, 20.00 
8/30/2010, 20.00 
8/31/2010, 19.88 
9/1/2010, 19.75 
9/2/2010, 19.50 
9/3/2010, 19.13 
9/6/2010, 17.75 
9/7/2010, 18.63 
9/8/2010, 18.75 
9/9/2010, 18.50 
9/10/2010, 18.88 
9/13/2010, 19.00 
9/14/2010, 19.00 
9/15/2010, 19.00 
9/16/2010, 19.50 
9/17/2010, 19.63 
9/20/2010, 19.88 
9/21/2010, 19.88 
9/22/2010, 19.75 
9/23/2010, 19.75 
9/24/2010, 20.00 
9/27/2010, 21.13 
9/28/2010, 21.38 
9/29/2010, 21.50 
9/30/2010, 21.13 
10/1/2010, 20.75 
10/4/2010, 21.00 
10/5/2010, 20.88 
10/6/2010, 21.00 
10/7/2010, 21.00 
10/8/2010, 20.63 
10/11/2010, 20.75 
10/12/2010, 20.50 
10/13/2010, 20.50 
10/14/2010, 20.25 
10/15/2010, 20.00 
10/18/2010, 20.38 
10/19/2010, 20.25 
10/20/2010, 20.00 
10/21/2010, 20.13 
10/22/2010, 21.13 
10/26/2010, 21.63 
10/27/2010, 21.38 
10/28/2010, 22.13 
10/29/2010, 22.25 
11/1/2010, 22.50 
11/2/2010, 22.25 
11/3/2010, 21.63 
11/4/2010, 21.50 
11/5/2010, 21.38 
11/8/2010, 21.50 
11/9/2010, 22.13 
11/10/2010, 21.25 
11/11/2010, 20.38 
11/12/2010, 20.13 
11/15/2010, 20.25 
11/16/2010, 19.75 
11/17/2010, 19.50 
11/18/2010, 20.50 
11/19/2010, 20.88 
11/22/2010, 21.13 
11/23/2010, 21.00 
11/24/2010, 20.50 
11/25/2010, 20.38 
11/26/2010, 20.38 
11/29/2010, 20.25 
11/30/2010, 20.50 
12/1/2010, 21.25 
12/2/2010, 21.50 
12/3/2010, 21.38 
12/7/2010, 21.00 
12/8/2010, 20.13 
12/9/2010, 20.38 
12/13/2010, 20.50 
12/14/2010, 20.88 
12/15/2010, 20.50 
12/16/2010, 20.13 
12/17/2010, 20.00 
12/20/2010, 19.88 
12/21/2010, 19.75 
12/22/2010, 19.75 
12/23/2010, 19.88 
12/24/2010, 19.75 
12/27/2010, 20.13 
12/28/2010, 20.13 
12/29/2010, 19.75 
12/30/2010, 19.63 
1/4/2011, 20.00 
1/5/2011, 20.00 
1/6/2011, 20.13 
1/7/2011, 19.63 
1/10/2011, 18.88 
1/11/2011, 19.50 
1/12/2011, 18.75 
1/13/2011, 19.25 
1/14/2011, 19.00 
1/17/2011, 18.88 
1/18/2011, 18.88 
1/19/2011, 18.75 
1/20/2011, 18.50 
1/21/2011, 18.25 
1/24/2011, 17.63 
1/25/2011, 17.50 
1/26/2011, 18.25 
1/27/2011, 18.88 
1/28/2011, 19.25 
1/31/2011, 19.25 
2/1/2011, 19.00 
2/2/2011, 19.63 
2/3/2011, 19.25 
2/4/2011, 18.88 
2/7/2011, 18.38 
2/8/2011, 18.25 
2/9/2011, 17.88 
2/10/2011, 17.00 
2/11/2011, 16.63 
2/14/2011, 17.13 
2/15/2011, 17.13 
2/16/2011, 17.50 
2/17/2011, 18.63 
2/21/2011, 19.38 
2/22/2011, 19.00 
2/23/2011, 19.25 
2/24/2011, 18.88 
2/25/2011, 19.50 
2/28/2011, 19.50 
3/1/2011, 19.50 
3/2/2011, 19.38 
3/3/2011, 19.50 
3/4/2011, 19.75 
3/7/2011, 19.88 
3/8/2011, 20.13 
3/9/2011, 20.25 
3/10/2011, 20.13 
3/11/2011, 19.88 
3/14/2011, 19.63 
3/15/2011, 19.13 
3/16/2011, 19.38 
3/17/2011, 19.00 
3/18/2011, 18.75 
3/21/2011, 19.00 
3/22/2011, 18.88 
3/23/2011, 19.00 
3/24/2011, 19.38 
3/25/2011, 19.50 
3/28/2011, 19.38 
3/29/2011, 19.63 
3/30/2011, 20.13 
3/31/2011, 20.00 
4/1/2011, 19.88 
4/4/2011, 20.00 
4/5/2011, 20.00 
4/7/2011, 20.25 
4/8/2011, 20.38 
4/11/2011, 20.50 
4/12/2011, 20.88 
4/18/2011, 21.63 
4/19/2011, 22.00 
4/20/2011, 22.88 
4/21/2011, 22.63 
4/22/2011, 22.38 
4/25/2011, 22.00 
4/26/2011, 21.88 
4/27/2011, 22.50 
4/28/2011, 21.63 
4/29/2011, 21.63 
5/3/2011, 21.25 
5/4/2011, 21.13 
5/6/2011, 21.13 
5/9/2011, 21.38 
5/10/2011, 22.38 
5/11/2011, 22.88 
5/12/2011, 22.38 
5/13/2011, 22.00 
5/18/2011, 21.63 
5/19/2011, 21.38 
5/20/2011, 21.63 
5/23/2011, 21.75 
5/24/2011, 23.25 
5/25/2011, 23.25 
5/26/2011, 23.00 
5/27/2011, 23.00 
5/30/2011, 22.63 
5/31/2011, 22.25 
6/1/2011, 22.63 
6/2/2011, 22.50 
6/3/2011, 22.63 
6/6/2011, 22.50 
6/7/2011, 22.25 
6/8/2011, 22.00 
6/9/2011, 21.88 
6/10/2011, 22.00 
6/13/2011, 21.88 
6/14/2011, 22.50 
6/15/2011, 22.38 
6/16/2011, 22.25 
6/17/2011, 21.88 
6/20/2011, 21.25 
6/21/2011, 21.50 
6/22/2011, 21.50 
6/23/2011, 21.50 
6/24/2011, 21.75 
6/27/2011, 21.50 
6/28/2011, 21.63 
6/29/2011, 22.00 
6/30/2011, 22.13 
7/4/2011, 23.25 
7/5/2011, 22.75 
7/6/2011, 22.88 
7/7/2011, 23.75 
7/8/2011, 23.88 
7/11/2011, 23.25 
7/12/2011, 23.00 
7/13/2011, 23.63 
7/14/2011, 23.75 
7/18/2011, 23.75 
7/19/2011, 23.50 
7/20/2011, 23.50 
7/21/2011, 23.63 
7/22/2011, 23.88 
7/25/2011, 23.88 
7/26/2011, 23.75 
7/27/2011, 23.75 
7/28/2011, 24.50 
7/29/2011, 24.75 
8/1/2011, 25.00 
8/2/2011, 24.88 
8/3/2011, 24.88 
8/4/2011, 24.88 
8/5/2011, 24.50 
8/8/2011, 23.75 
8/9/2011, 23.50 
8/10/2011, 23.63 
8/11/2011, 23.75 
8/15/2011, 24.63 
8/16/2011, 24.63 
8/17/2011, 25.13 
8/18/2011, 25.63 
8/19/2011, 25.25 
8/22/2011, 25.00 
8/23/2011, 25.13 
8/24/2011, 25.00 
8/25/2011, 24.88 
8/26/2011, 25.38 
8/29/2011, 25.13 
8/30/2011, 24.88 
8/31/2011, 25.63 
9/1/2011, 25.75 
9/2/2011, 25.38 
9/5/2011, 25.25 
9/6/2011, 25.50 
9/7/2011, 25.63 
9/8/2011, 25.50 
9/9/2011, 25.63 
9/12/2011, 25.50 
9/13/2011, 25.25 
9/14/2011, 24.63 
9/15/2011, 24.88 
9/16/2011, 24.75 
9/19/2011, 24.50 
9/20/2011, 25.13 
9/21/2011, 25.13 
9/22/2011, 24.38 
9/23/2011, 24.50 
9/26/2011, 24.00 
9/27/2011, 23.88 
9/28/2011, 23.38 
9/29/2011, 23.75 
9/30/2011, 24.00 
10/3/2011, 22.25 
10/4/2011, 21.88 
10/5/2011, 22.63 
10/6/2011, 23.38 
10/7/2011, 23.75 
10/10/2011, 23.63 
10/11/2011, 24.25 
10/12/2011, 24.13 
10/13/2011, 24.25 
10/14/2011, 24.50 
10/17/2011, 24.50 
10/18/2011, 24.25 
10/19/2011, 23.25 
10/20/2011, 22.50 
10/21/2011, 22.75 
10/25/2011, 22.88 
10/26/2011, 22.50 
10/27/2011, 22.63 
10/28/2011, 23.13 
10/31/2011, 23.50 
11/1/2011, 23.13 
11/2/2011, 22.88 
11/3/2011, 23.00 
11/4/2011, 22.63 
11/7/2011, 22.50 
11/8/2011, 23.63 
11/9/2011, 23.38 
11/10/2011, 23.38 
11/11/2011, 24.13 
11/14/2011, 24.00 
11/15/2011, 24.00 
11/16/2011, 24.38 
11/17/2011, 24.38 
11/18/2011, 24.13 
11/21/2011, 24.13 
11/22/2011, 24.50 
11/23/2011, 24.38 
11/24/2011, 24.13 
11/25/2011, 24.25 
11/28/2011, 25.00 
11/29/2011, 25.00 
11/30/2011, 25.00 
12/1/2011, 25.00 
12/2/2011, 25.38 
12/6/2011, 25.25 
12/7/2011, 25.50 
12/8/2011, 25.50 
12/9/2011, 25.63 
12/13/2011, 26.00 
12/14/2011, 26.00 
12/15/2011, 26.50 
12/16/2011, 26.13 
12/19/2011, 25.88 
12/20/2011, 25.75 
12/21/2011, 26.50 
12/22/2011, 25.88 
12/23/2011, 25.63 
12/26/2011, 25.63 
12/27/2011, 25.63 
12/28/2011, 25.63 
12/29/2011, 25.63 
12/30/2011, 25.88 
1/4/2012, 26.13 
1/5/2012, 27.38 
1/6/2012, 27.25 
1/9/2012, 26.88 
1/10/2012, 27.13 
1/11/2012, 27.25 
1/12/2012, 27.50 
1/13/2012, 27.38 
1/16/2012, 27.13 
1/17/2012, 27.75 
1/18/2012, 27.75 
1/19/2012, 27.88 
1/20/2012, 27.88 
1/23/2012, 28.00 
1/24/2012, 28.38 
1/25/2012, 28.13 
1/26/2012, 27.75 
1/27/2012, 28.00 
1/30/2012, 28.25 
1/31/2012, 29.25 
2/1/2012, 30.00 
2/2/2012, 29.50 
2/3/2012, 30.00 
2/6/2012, 29.25 
2/7/2012, 29.00 
2/8/2012, 29.00 
2/9/2012, 28.25 
2/10/2012, 28.75 
2/13/2012, 28.38 
2/14/2012, 28.63 
2/15/2012, 29.00 
2/16/2012, 29.25 
2/17/2012, 29.50 
2/20/2012, 29.63 
2/21/2012, 29.38 
2/22/2012, 30.25 
2/23/2012, 30.75 
2/24/2012, 31.00 
2/27/2012, 31.50 
2/28/2012, 32.13 
2/29/2012, 33.13 
3/1/2012, 32.75 
3/2/2012, 32.75 
3/5/2012, 32.63 
3/6/2012, 32.63 
3/8/2012, 32.88 
3/9/2012, 32.88 
3/12/2012, 32.75 
3/13/2012, 32.75 
3/14/2012, 32.75 
3/15/2012, 32.25 
3/16/2012, 32.50 
3/19/2012, 32.25 
3/20/2012, 32.13 
3/21/2012, 32.00 
3/22/2012, 31.88 
3/23/2012, 32.00 
3/26/2012, 31.88 
3/27/2012, 33.00 
3/28/2012, 32.63 
3/29/2012, 32.63 
3/30/2012, 32.75 
4/2/2012, 32.63 
4/3/2012, 33.88 
4/4/2012, 33.75 
4/5/2012, 33.50 
4/10/2012, 32.88 
4/11/2012, 32.63 
4/12/2012, 33.13 
4/17/2012, 32.63 
4/18/2012, 32.88 
4/19/2012, 33.75 
4/20/2012, 34.75 
4/23/2012, 34.88 
4/24/2012, 35.50 
4/25/2012, 37.00 
4/26/2012, 36.38 
4/27/2012, 37.25 
4/30/2012, 38.25 
5/2/2012, 38.25 
5/3/2012, 39.25 
5/4/2012, 37.25 
5/8/2012, 38.50 
5/9/2012, 36.00 
5/10/2012, 35.75 
5/11/2012, 37.00 
5/14/2012, 35.75 
5/15/2012, 36.25 
5/16/2012, 36.50 
5/17/2012, 36.00 
5/18/2012, 35.25 
5/21/2012, 35.25 
5/22/2012, 34.75 
5/23/2012, 33.75 
5/24/2012, 34.75 
5/25/2012, 35.25 
5/28/2012, 35.75 
5/29/2012, 36.00 
5/30/2012, 35.50 
5/31/2012, 34.25 
6/1/2012, 33.50 
6/5/2012, 32.75 
6/6/2012, 33.75 
6/7/2012, 33.75 
6/8/2012, 34.00 
6/11/2012, 34.50 
6/12/2012, 34.50 
6/13/2012, 35.00 
6/14/2012, 35.25 
6/15/2012, 36.00 
6/18/2012, 35.50 
6/19/2012, 35.25 
6/20/2012, 35.50 
6/21/2012, 35.00 
6/22/2012, 34.75 
6/25/2012, 35.25 
6/26/2012, 35.25 
6/27/2012, 35.75 
6/28/2012, 36.75 
6/29/2012, 35.50 
7/2/2012, 35.75 
7/3/2012, 36.50 
7/4/2012, 36.00 
7/5/2012, 35.50 
7/6/2012, 35.25 
7/9/2012, 35.75 
7/10/2012, 36.00 
7/11/2012, 36.25 
7/12/2012, 35.50 
7/13/2012, 35.75 
7/16/2012, 35.75 
7/17/2012, 36.25 
7/18/2012, 36.00 
7/19/2012, 35.50 
7/20/2012, 36.25 
7/23/2012, 35.75 
7/24/2012, 35.25 
7/25/2012, 34.25 
7/26/2012, 34.00 
7/27/2012, 33.25 
7/30/2012, 33.25 
7/31/2012, 34.00 
8/1/2012, 34.75 
8/3/2012, 35.25 
8/6/2012, 35.00 
8/7/2012, 33.75 
8/8/2012, 32.75 
8/9/2012, 33.00 
8/10/2012, 33.00 
8/14/2012, 33.75 
8/15/2012, 33.75 
8/16/2012, 34.00 
8/17/2012, 33.75 
8/20/2012, 34.25 
8/21/2012, 33.75 
8/22/2012, 33.75 
8/23/2012, 34.50 
8/24/2012, 34.00 
8/27/2012, 34.00 
8/28/2012, 34.00 
8/29/2012, 33.75 
8/30/2012, 33.75 
8/31/2012, 34.50 
9/3/2012, 34.25 
9/4/2012, 34.25 
9/5/2012, 34.00 
9/6/2012, 34.25 
9/7/2012, 34.75 
9/10/2012, 35.25 
9/11/2012, 35.25 
9/12/2012, 35.25 
9/13/2012, 34.75 
9/14/2012, 35.00 
9/17/2012, 34.00 
9/18/2012, 34.00 
9/19/2012, 34.00 
9/20/2012, 34.00 
9/21/2012, 34.00 
9/24/2012, 33.75 
9/25/2012, 34.00 
9/26/2012, 34.00 
9/27/2012, 34.50 
9/28/2012, 35.50 
10/1/2012, 36.00 
10/2/2012, 36.25 
10/3/2012, 37.50 
10/4/2012, 38.50 
10/5/2012, 38.00 
10/8/2012, 38.25 
10/9/2012, 38.00 
10/10/2012, 37.50 
10/11/2012, 38.75 
10/12/2012, 39.25 
10/15/2012, 39.50 
10/16/2012, 39.75 
10/17/2012, 39.50 
10/18/2012, 39.50 
10/19/2012, 38.75 
10/22/2012, 39.50 
10/24/2012, 40.00 
10/25/2012, 40.25 
10/26/2012, 40.00 
10/29/2012, 39.25 
10/30/2012, 39.75 
10/31/2012, 39.75 
11/1/2012, 40.00 
11/2/2012, 40.75 
11/5/2012, 40.75 
11/6/2012, 40.25 
11/7/2012, 39.75 
11/8/2012, 39.75 
11/9/2012, 40.25 
11/12/2012, 40.75 
11/13/2012, 40.25 
11/14/2012, 40.50 
11/15/2012, 40.25 
11/16/2012, 40.50 
11/19/2012, 40.75 
11/20/2012, 40.75 
11/21/2012, 40.00 
11/22/2012, 39.00 
11/23/2012, 40.00 
11/26/2012, 40.75 
11/27/2012, 40.50 
11/28/2012, 40.75 
11/29/2012, 39.50 
11/30/2012, 39.50 
12/3/2012, 40.25 
12/4/2012, 40.25 
12/6/2012, 40.50 
12/7/2012, 41.00 
12/11/2012, 42.00 
12/12/2012, 42.50 
12/13/2012, 42.00 
12/14/2012, 43.75 
12/17/2012, 45.25 
12/18/2012, 46.25 
12/19/2012, 47.00 
12/20/2012, 46.50 
12/21/2012, 45.25 
12/24/2012, 44.75 
12/25/2012, 44.25 
12/26/2012, 46.00 
12/27/2012, 46.25 
12/28/2012, 46.00 
1/2/2013, 45.75 
1/3/2013, 44.50 
1/4/2013, 44.75 
1/7/2013, 45.25 
1/8/2013, 46.00 
1/9/2013, 45.75 
1/10/2013, 45.00 
1/11/2013, 45.00 
1/14/2013, 45.25 
1/15/2013, 45.25 
1/16/2013, 44.75 
1/17/2013, 45.75 
1/18/2013, 46.25 
1/21/2013, 47.50 
1/22/2013, 47.75 
1/23/2013, 48.00 
1/24/2013, 48.00 
1/25/2013, 49.00 
1/28/2013, 48.25 
1/29/2013, 48.00 
1/30/2013, 47.25 
1/31/2013, 46.75 
2/1/2013, 47.50 
2/4/2013, 48.50 
2/5/2013, 47.75 
2/6/2013, 47.00 
2/7/2013, 47.00 
2/8/2013, 47.00 
2/11/2013, 47.25 
2/12/2013, 47.75 
2/13/2013, 48.25 
2/14/2013, 48.25 
2/15/2013, 48.50 
2/18/2013, 49.25 
2/19/2013, 49.50 
2/20/2013, 52.00 
2/21/2013, 49.75 
2/22/2013, 47.75 
2/26/2013, 46.75 
2/27/2013, 46.75 
2/28/2013, 47.25 
3/1/2013, 47.75 
3/4/2013, 47.00 
3/5/2013, 47.75 
3/6/2013, 47.50 
3/7/2013, 47.50 
3/8/2013, 47.25 
3/11/2013, 46.50 
3/12/2013, 45.50 
3/13/2013, 46.75 
3/14/2013, 46.00 
3/15/2013, 45.75 
3/18/2013, 45.50 
3/19/2013, 44.75 
3/20/2013, 45.75 
3/21/2013, 46.00 
3/22/2013, 45.00 
3/25/2013, 45.00 
3/26/2013, 45.00 
3/27/2013, 45.00 
3/28/2013, 45.75 
3/29/2013, 46.25 
4/1/2013, 46.00 
4/2/2013, 46.75 
4/3/2013, 46.25 
4/4/2013, 46.25 
4/5/2013, 45.00 
4/9/2013, 45.00 
4/10/2013, 45.75 
4/11/2013, 46.00 
4/12/2013, 46.00 
4/17/2013, 45.50 
4/18/2013, 45.50 
4/19/2013, 46.25 
4/22/2013, 43.50 
4/23/2013, 39.00 
4/24/2013, 41.00 
4/25/2013, 43.75 
4/26/2013, 43.75 
4/29/2013, 44.00 
4/30/2013, 41.50 
5/2/2013, 41.50 
5/3/2013, 42.00 
5/7/2013, 41.50 
5/8/2013, 41.50 
5/9/2013, 41.00 
5/10/2013, 42.00 
5/13/2013, 43.00 
5/14/2013, 43.00 
5/15/2013, 43.00 
5/16/2013, 43.00 
5/17/2013, 43.50 
5/20/2013, 44.00 
5/21/2013, 43.50 
5/22/2013, 43.25 
5/23/2013, 43.50 
5/27/2013, 43.75 
5/28/2013, 43.75 
5/29/2013, 43.25 
5/30/2013, 43.00 
5/31/2013, 42.00 
6/3/2013, 41.75 
6/4/2013, 41.50 
6/5/2013, 40.75 
6/6/2013, 41.25 
6/7/2013, 41.75 
6/10/2013, 40.25 
6/11/2013, 41.00 
6/12/2013, 40.50 
6/13/2013, 40.25 
6/14/2013, 40.50 
6/17/2013, 38.50 
6/18/2013, 37.50 
6/19/2013, 34.50 
6/20/2013, 36.25 
6/21/2013, 36.25 
6/24/2013, 37.25 
6/25/2013, 39.00 
6/26/2013, 38.75 
6/27/2013, 39.00 
6/28/2013, 38.75 
7/2/2013, 38.00 
7/3/2013, 37.25 
7/4/2013, 36.75 
7/5/2013, 35.75 
7/8/2013, 35.75 
7/9/2013, 35.25 
7/10/2013, 37.25 
7/11/2013, 37.50 
7/12/2013, 37.50 
7/15/2013, 37.75 
7/16/2013, 37.25 
7/17/2013, 38.50 
7/18/2013, 37.50 
7/19/2013, 38.25 
7/23/2013, 38.25 
7/24/2013, 37.25 
7/25/2013, 37.50 
7/26/2013, 37.25 
7/29/2013, 36.50 
7/30/2013, 35.00 
7/31/2013, 34.00 
8/1/2013, 34.00 
8/2/2013, 35.25 
8/5/2013, 37.00 
8/6/2013, 36.75 
8/7/2013, 36.00 
8/8/2013, 35.75 
8/9/2013, 38.25 
8/13/2013, 39.00 
8/14/2013, 38.75 
8/15/2013, 38.25 
8/16/2013, 36.25 
8/19/2013, 35.75 
8/20/2013, 36.00 
8/21/2013, 35.25 
8/22/2013, 34.50 
8/23/2013, 35.00 
8/26/2013, 34.00 
8/27/2013, 32.75 
8/28/2013, 34.00 
8/29/2013, 32.75 
8/30/2013, 33.25 
9/2/2013, 34.25 
9/3/2013, 33.75 
9/4/2013, 33.50 
9/5/2013, 33.50 
9/6/2013, 34.50 
9/9/2013, 36.00 
9/10/2013, 35.75 
9/11/2013, 34.50 
9/12/2013, 34.00 
9/13/2013, 35.00 
9/16/2013, 35.75 
9/17/2013, 35.50 
9/18/2013, 39.75 
9/19/2013, 39.75 
9/20/2013, 39.00 
9/23/2013, 37.75 
9/24/2013, 37.75 
9/25/2013, 35.25 
9/26/2013, 36.00 
9/27/2013, 35.25 
9/30/2013, 36.75 
10/1/2013, 36.75 
10/2/2013, 37.00 
10/3/2013, 37.00 
10/4/2013, 36.25 
10/7/2013, 37.75 
10/8/2013, 38.25 
10/9/2013, 39.25 
10/10/2013, 38.75 
10/11/2013, 39.00 
10/14/2013, 39.25 
10/15/2013, 38.50 
10/16/2013, 38.50 
10/17/2013, 39.00 
10/18/2013, 37.75 
10/21/2013, 38.50 
10/22/2013, 39.75 
10/24/2013, 39.00 
10/25/2013, 38.75 
10/28/2013, 39.00 
10/29/2013, 38.75 
10/30/2013, 39.25 
10/31/2013, 38.75 
11/1/2013, 37.50 
11/4/2013, 38.00 
11/5/2013, 39.75 
11/6/2013, 41.50 
11/7/2013, 40.50 
11/8/2013, 40.25 
11/11/2013, 41.00 
11/12/2013, 40.25 
11/13/2013, 41.25 
11/14/2013, 41.25 
11/15/2013, 42.00 
11/18/2013, 42.00 
11/19/2013, 42.25 
11/20/2013, 41.75 
11/21/2013, 41.00 
11/22/2013, 41.25 
11/25/2013, 42.00 
11/26/2013, 41.50 
11/27/2013, 40.75 
11/28/2013, 40.75 
11/29/2013, 40.75 
12/2/2013, 41.00 
12/3/2013, 41.75 
12/4/2013, 41.50 
12/6/2013, 42.00 
12/9/2013, 43.25 
12/11/2013, 43.25 
12/12/2013, 43.00 
12/13/2013, 43.00 
12/16/2013, 44.00 
12/17/2013, 43.75 
12/18/2013, 43.75 
12/19/2013, 44.25 
12/20/2013, 44.75 
12/23/2013, 44.50 
12/24/2013, 44.25 
12/25/2013, 42.75 
12/26/2013, 42.00 
12/27/2013, 40.00 
1/2/2014, 40.00 
1/3/2014, 40.25 
1/6/2014, 41.00 
1/7/2014, 40.50 
1/8/2014, 41.00 
1/9/2014, 39.75 
1/10/2014, 40.75 
1/13/2014, 39.75 
1/14/2014, 39.25 
1/15/2014, 39.75 
1/16/2014, 39.50 
1/17/2014, 40.25 
1/20/2014, 40.50 
1/21/2014, 39.75 
1/22/2014, 40.50 
1/23/2014, 40.00 
1/24/2014, 40.00 
1/27/2014, 39.75 
1/28/2014, 39.50 
1/29/2014, 39.00 
1/30/2014, 39.25 
1/31/2014, 39.50 
2/3/2014, 39.00 
2/4/2014, 39.00 
2/5/2014, 39.25 
2/6/2014, 39.75 
2/7/2014, 39.00 
2/10/2014, 38.75 
2/11/2014, 38.75 
2/12/2014, 38.50 
2/13/2014, 39.75 
2/17/2014, 39.25 
2/18/2014, 39.75 
2/19/2014, 39.00 
2/20/2014, 38.25 
2/21/2014, 38.25 
2/24/2014, 38.50 
2/25/2014, 38.00 
2/26/2014, 38.75 
2/27/2014, 39.25 
2/28/2014, 40.00 
3/3/2014, 40.50 
3/4/2014, 41.00 
3/5/2014, 40.50 
3/6/2014, 40.50 
3/7/2014, 40.00 
3/10/2014, 41.75 
3/11/2014, 41.75 
3/12/2014, 42.00 
3/13/2014, 42.25 
3/14/2014, 42.50 
3/17/2014, 43.50 
3/18/2014, 43.25 
3/19/2014, 42.75 
3/20/2014, 43.25 
3/21/2014, 43.50 
3/24/2014, 43.00 
3/25/2014, 42.75 
3/26/2014, 42.00 
3/27/2014, 42.75 
3/28/2014, 43.50 
3/31/2014, 43.75 
4/1/2014, 44.00 
4/2/2014, 44.50 
4/3/2014, 44.50 
4/4/2014, 43.75 
4/8/2014, 44.00 
4/9/2014, 44.00 
4/10/2014, 44.00 
4/11/2014, 43.50 
4/16/2014, 44.75 
4/17/2014, 44.50 
4/18/2014, 44.50 
4/21/2014, 44.00 
4/22/2014, 43.75 
4/23/2014, 44.00 
4/24/2014, 43.75 
4/25/2014, 42.50 
4/28/2014, 42.75 
4/29/2014, 42.00 
4/30/2014, 43.50 
5/2/2014, 43.00 
5/6/2014, 43.75 
5/7/2014, 43.00 
5/8/2014, 42.50 
5/9/2014, 42.25 
5/12/2014, 42.25 
5/14/2014, 42.75 
5/15/2014, 43.75 
5/16/2014, 44.00 
5/19/2014, 43.50 
5/20/2014, 43.50 
5/21/2014, 43.75 
5/22/2014, 43.50 
5/23/2014, 43.50 
5/26/2014, 44.75 
5/27/2014, 45.00 
5/28/2014, 45.75 
5/29/2014, 45.50 
5/30/2014, 46.00 
6/2/2014, 46.00 
6/3/2014, 46.00 
6/4/2014, 45.50 
6/5/2014, 45.25 
6/6/2014, 45.25 
6/9/2014, 46.00 
6/10/2014, 46.00 
6/11/2014, 45.00 
6/12/2014, 45.50 
6/13/2014, 46.25 
6/16/2014, 47.50 
6/17/2014, 47.25 
6/18/2014, 48.00 
6/19/2014, 48.00 
6/20/2014, 48.00 
6/23/2014, 48.25 
6/24/2014, 48.00 
6/25/2014, 47.75 
6/26/2014, 48.00 
6/27/2014, 48.00 
6/30/2014, 46.50 
7/2/2014, 46.75 
7/3/2014, 46.50 
7/4/2014, 46.50 
7/7/2014, 47.00 
7/8/2014, 47.00 
7/9/2014, 47.00 
7/10/2014, 47.50 
7/14/2014, 47.25 
7/15/2014, 47.75 
7/16/2014, 47.75 
7/17/2014, 47.50 
7/18/2014, 47.25 
7/21/2014, 46.00 
7/22/2014, 47.00 
7/23/2014, 46.75 
7/24/2014, 47.25 
7/25/2014, 47.75 
7/28/2014, 47.50 
7/29/2014, 46.75 
7/30/2014, 46.25 
7/31/2014, 46.50 
8/1/2014, 47.25 
8/4/2014, 47.25 
8/5/2014, 46.75 
8/6/2014, 46.75 
8/7/2014, 46.00 
8/8/2014, 46.50 
8/13/2014, 46.00 
8/14/2014, 45.75 
8/15/2014, 45.75 
8/18/2014, 45.75 
8/19/2014, 45.50 
8/20/2014, 45.75 
8/21/2014, 45.75 
8/22/2014, 46.50 
8/25/2014, 47.00 
8/26/2014, 47.75 
8/27/2014, 47.50 
8/28/2014, 47.50 
8/29/2014, 47.25 
9/1/2014, 46.50 
9/2/2014, 46.75 
9/3/2014, 46.50 
9/4/2014, 46.25 
9/5/2014, 45.75 
9/8/2014, 45.50 
9/9/2014, 45.50 
9/10/2014, 45.50 
9/11/2014, 45.25 
9/12/2014, 45.50 
9/15/2014, 44.75 
9/16/2014, 44.75 
9/17/2014, 44.75 
9/18/2014, 44.75 
9/19/2014, 45.00 
9/22/2014, 45.00 
9/23/2014, 45.25 
9/24/2014, 45.25 
9/25/2014, 45.50 
9/26/2014, 45.00 
9/29/2014, 44.75 
9/30/2014, 44.75 
10/1/2014, 43.50 
10/2/2014, 43.25 
10/3/2014, 43.25 
10/6/2014, 43.75 
10/7/2014, 43.50 
10/8/2014, 44.25 
10/9/2014, 44.00 
10/10/2014, 43.75 
10/13/2014, 43.75 
10/14/2014, 43.75 
10/15/2014, 43.75 
10/16/2014, 43.75 
10/17/2014, 43.75 
10/20/2014, 43.50 
10/21/2014, 43.50 
10/22/2014, 44.25 
10/24/2014, 44.00 
10/27/2014, 44.50 
10/28/2014, 44.75 
10/29/2014, 45.25 
10/30/2014, 45.50 
10/31/2014, 45.75 
11/3/2014, 45.25 
11/4/2014, 45.00 
11/5/2014, 44.50 
11/6/2014, 42.50 
11/7/2014, 42.25 
11/10/2014, 43.00 
11/11/2014, 42.75 
11/12/2014, 43.25 
11/13/2014, 43.50 
11/14/2014, 43.50 
11/17/2014, 43.50 
11/18/2014, 43.00 
11/19/2014, 42.00 
11/20/2014, 42.75 
11/21/2014, 42.75 
11/24/2014, 43.50 
11/25/2014, 43.25 
11/26/2014, 44.00 
11/27/2014, 44.00 
11/28/2014, 44.00 
12/1/2014, 43.75 
12/2/2014, 43.50 
12/3/2014, 43.25 
12/4/2014, 42.75 
12/8/2014, 42.25 
12/9/2014, 41.50 
12/11/2014, 40.75 
12/12/2014, 40.00 
12/15/2014, 39.25 
12/16/2014, 39.50 
12/17/2014, 41.00 
12/18/2014, 41.25 
12/19/2014, 41.75 
12/22/2014, 41.50 
12/23/2014, 41.50 
12/24/2014, 40.75 
12/25/2014, 41.75 
12/26/2014, 40.75 
12/29/2014, 42.50 
12/30/2014, 42.50 
1/5/2015, 42.25 
1/6/2015, 43.25 
1/7/2015, 43.25 
1/8/2015, 42.25 
1/9/2015, 42.75 
1/12/2015, 43.00 
1/13/2015, 42.75 
1/14/2015, 43.00 
1/15/2015, 43.00 
1/16/2015, 43.00 
1/19/2015, 41.50 
1/20/2015, 42.00 
1/21/2015, 42.25 
1/22/2015, 42.50 
1/23/2015, 42.00 
1/26/2015, 41.75 
1/27/2015, 41.25 
1/28/2015, 41.25 
1/29/2015, 41.50 
1/30/2015, 41.75 
2/2/2015, 42.25 
2/3/2015, 42.25 
2/4/2015, 42.00 
2/5/2015, 42.00 
2/6/2015, 41.50 
2/9/2015, 41.25 
2/10/2015, 41.25 
2/11/2015, 41.75 
2/12/2015, 41.50 
2/13/2015, 41.00 
2/16/2015, 40.75 
2/17/2015, 41.00 
2/18/2015, 40.00 
2/19/2015, 40.25 
2/20/2015, 40.50 
2/23/2015, 40.50 
2/24/2015, 40.50 
2/25/2015, 40.75 
2/26/2015, 40.00 
2/27/2015, 39.50 
3/2/2015, 39.50 
3/3/2015, 39.50 
3/5/2015, 39.50 
3/6/2015, 38.00 
3/9/2015, 38.25 
3/10/2015, 39.00 
3/11/2015, 38.75 
3/12/2015, 39.00 
3/13/2015, 38.50 
3/16/2015, 38.25 
3/17/2015, 38.25 
3/18/2015, 38.25 
3/19/2015, 38.25 
3/20/2015, 38.25 
3/23/2015, 38.00 
3/24/2015, 38.00 
3/25/2015, 37.50 
3/26/2015, 38.00 
3/27/2015, 40.00 
3/30/2015, 41.00 
3/31/2015, 41.75 
4/1/2015, 40.00 
4/2/2015, 40.25 
4/3/2015, 42.00 
4/7/2015, 42.00 
4/8/2015, 42.25 
4/9/2015, 42.75 
4/10/2015, 42.75 
4/16/2015, 42.00 
4/17/2015, 42.50 
4/20/2015, 42.75 
4/21/2015, 42.25 
4/22/2015, 43.25 
4/23/2015, 44.00 
4/24/2015, 43.25 
4/27/2015, 42.75 
4/28/2015, 41.75 
4/29/2015, 42.00 
4/30/2015, 42.25 
5/6/2015, 41.75 
5/7/2015, 42.75 
5/8/2015, 43.00 
5/11/2015, 42.50 
5/12/2015, 44.50 
5/13/2015, 44.75 
5/14/2015, 46.00 
5/15/2015, 45.50 
5/18/2015, 45.50 
5/19/2015, 46.75 
5/20/2015, 47.00 
5/21/2015, 47.25 
5/22/2015, 46.25 
5/25/2015, 45.75 
5/26/2015, 45.75 
5/27/2015, 45.75 
5/28/2015, 45.75 
5/29/2015, 44.75 
6/2/2015, 45.00 
6/3/2015, 46.25 
6/4/2015, 46.00 
6/5/2015, 46.00 
6/8/2015, 45.50 
6/9/2015, 46.00 
6/10/2015, 47.00 
6/11/2015, 46.75 
6/12/2015, 46.25 
6/15/2015, 46.25 
6/16/2015, 46.50 
6/17/2015, 46.25 
6/18/2015, 45.00 
6/19/2015, 46.25 
6/22/2015, 45.75 
6/23/2015, 46.00 
6/24/2015, 45.75 
6/25/2015, 46.00 
6/26/2015, 46.00 
6/29/2015, 46.25 
6/30/2015, 46.75 
7/2/2015, 46.00 
7/3/2015, 45.75 
7/6/2015, 45.75 
7/7/2015, 45.50 
7/8/2015, 45.75 
7/9/2015, 46.50 
7/10/2015, 46.50 
7/13/2015, 46.25 
7/14/2015, 46.75 
7/15/2015, 46.75 
7/16/2015, 46.25 
7/17/2015, 45.75 
7/20/2015, 45.75 
7/21/2015, 46.00 
7/22/2015, 46.50 
7/23/2015, 46.50 
7/24/2015, 45.75 
7/27/2015, 45.25 
7/28/2015, 47.00 
7/29/2015, 48.00 
7/31/2015, 47.75 
8/3/2015, 47.75 
8/4/2015, 48.75 
8/5/2015, 48.75 
8/6/2015, 48.25 
8/7/2015, 48.25 
8/10/2015, 49.75 
8/11/2015, 50.50 
8/13/2015, 50.50 
8/14/2015, 50.25 
8/17/2015, 49.25 
8/18/2015, 48.50 
8/19/2015, 48.00 
8/20/2015, 47.50 
8/21/2015, 46.50 
8/24/2015, 47.50 
8/25/2015, 47.00 
8/26/2015, 49.25 
8/27/2015, 49.75 
8/28/2015, 51.00 
8/31/2015, 50.50 
9/1/2015, 51.25 
9/2/2015, 50.25 
9/3/2015, 49.25 
9/4/2015, 50.00 
9/7/2015, 50.50 
9/8/2015, 50.00 
9/9/2015, 50.25 
9/10/2015, 49.25 
9/11/2015, 50.00 
9/14/2015, 49.25 
9/15/2015, 49.50 
9/16/2015, 49.75 
9/17/2015, 49.50 
9/18/2015, 49.50 
9/21/2015, 49.25 
9/22/2015, 49.00 
9/23/2015, 49.25 
9/24/2015, 49.75 
9/25/2015, 48.25 
9/28/2015, 47.50 
9/29/2015, 47.75 
9/30/2015, 49.00 
10/1/2015, 49.00 
10/2/2015, 50.00 
10/5/2015, 50.25 
10/6/2015, 50.50 
10/7/2015, 50.50 
10/8/2015, 50.25 
10/9/2015, 50.00 
10/12/2015, 50.25 
10/13/2015, 49.75 
10/14/2015, 49.50 
10/15/2015, 49.75 
10/16/2015, 49.75 
10/19/2015, 50.00 
10/20/2015, 49.75 
10/21/2015, 49.75 
10/22/2015, 50.00 
10/26/2015, 49.75 
10/27/2015, 49.75 
10/28/2015, 50.00 
10/29/2015, 50.00 
10/30/2015, 50.00 
11/2/2015, 50.25 
11/3/2015, 50.00 
11/4/2015, 49.75 
11/5/2015, 49.75 
11/6/2015, 49.00 
11/9/2015, 49.00 
11/10/2015, 49.75 
11/11/2015, 50.00 
11/12/2015, 49.50 
11/13/2015, 50.00 
11/16/2015, 49.75 
11/17/2015, 49.25 
11/18/2015, 49.50 
11/19/2015, 49.75 
11/20/2015, 49.25 
11/23/2015, 49.00 
11/24/2015, 48.50 
11/25/2015, 48.00 
11/26/2015, 47.50 
11/27/2015, 47.00 
11/30/2015, 47.00 
12/1/2015, 46.75 
12/2/2015, 44.25 
12/3/2015, 43.00 
12/4/2015, 41.00 
12/8/2015, 41.00 
12/9/2015, 41.75 
12/11/2015, 41.75 
12/14/2015, 41.50 
12/15/2015, 41.75 
12/16/2015, 43.00 
12/17/2015, 42.00 
12/18/2015, 40.25 
12/21/2015, 41.25 
12/22/2015, 41.25 
12/23/2015, 41.00 
12/24/2015, 40.50 
12/25/2015, 40.00 
12/28/2015, 39.50 
12/29/2015, 39.25 
12/30/2015, 39.00 
1/4/2016, 40.25 
1/5/2016, 41.00 
1/6/2016, 40.00 
1/7/2016, 41.50 
1/8/2016, 41.50 
1/11/2016, 43.00 
1/12/2016, 42.50 
1/13/2016, 41.50 
1/14/2016, 41.50 
1/15/2016, 41.75 
1/18/2016, 42.00 
1/19/2016, 40.75 
1/20/2016, 39.75 
1/21/2016, 40.25 
1/22/2016, 41.50 
1/25/2016, 41.00 
1/26/2016, 41.00 
1/27/2016, 40.50 
1/28/2016, 40.75 
1/29/2016, 40.25 
2/1/2016, 42.00 
2/2/2016, 41.75 
2/3/2016, 42.50 
2/4/2016, 42.75 
2/5/2016, 41.00 
2/8/2016, 40.75 
2/9/2016, 41.00 
2/10/2016, 40.75 
2/11/2016, 40.25 
2/12/2016, 41.00 
2/15/2016, 40.50 
2/16/2016, 41.00 
2/17/2016, 40.75 
2/18/2016, 43.00 
2/19/2016, 42.75 
2/23/2016, 42.50 
2/24/2016, 44.00 
2/25/2016, 44.50 
2/26/2016, 43.25 
2/29/2016, 44.75 
3/1/2016, 46.25 
3/2/2016, 47.75 
3/3/2016, 47.50 
3/4/2016, 47.00 
3/7/2016, 45.75 
3/8/2016, 46.50 
3/9/2016, 45.25 
3/10/2016, 46.00 
3/11/2016, 46.25 
3/14/2016, 45.50 
3/15/2016, 44.25 
3/16/2016, 45.25 
3/17/2016, 45.25 
3/18/2016, 45.50 
3/21/2016, 44.75 
3/22/2016, 46.00 
3/23/2016, 45.50 
3/24/2016, 44.50 
3/25/2016, 44.75 
3/28/2016, 44.00 
3/29/2016, 45.75 
3/30/2016, 45.75 
3/31/2016, 45.75 
4/1/2016, 45.75 
4/4/2016, 44.75 
4/5/2016, 44.50 
4/7/2016, 44.50 
4/8/2016, 43.75 
4/11/2016, 44.25 
4/12/2016, 45.25 
4/18/2016, 46.00 
4/19/2016, 46.00 
4/20/2016, 46.25 
4/21/2016, 46.00 
4/22/2016, 46.00 
4/25/2016, 46.00 
4/26/2016, 46.25 
4/27/2016, 45.50 
4/28/2016, 45.75 
4/29/2016, 46.00 
5/3/2016, 46.50 
5/4/2016, 47.00 
5/9/2016, 48.25 
5/10/2016, 47.25 
5/11/2016, 48.00 
5/12/2016, 48.00 
5/13/2016, 49.00 
5/16/2016, 49.00 
5/17/2016, 49.00 
5/18/2016, 48.00 
5/19/2016, 48.00 
5/23/2016, 47.75 
5/24/2016, 48.25 
5/25/2016, 47.75 
5/26/2016, 48.00 
5/27/2016, 49.00 
5/30/2016, 49.75 
5/31/2016, 49.00 
6/1/2016, 49.00 
6/2/2016, 49.50 
6/3/2016, 49.25 
6/6/2016, 50.00 
6/7/2016, 49.75 
6/8/2016, 48.50 
6/9/2016, 48.25 
6/10/2016, 47.50 
6/13/2016, 47.75 
6/14/2016, 48.25 
6/15/2016, 48.00 
6/16/2016, 48.50 
6/17/2016, 48.00 
6/20/2016, 49.00 
6/21/2016, 48.25 
6/22/2016, 49.25 
6/23/2016, 49.00 
6/24/2016, 49.00 
6/27/2016, 49.25 
6/28/2016, 49.50 
6/29/2016, 50.25 
6/30/2016, 51.75 
7/4/2016, 51.25 
7/5/2016, 51.25 
7/6/2016, 51.50 
7/7/2016, 53.00 
7/8/2016, 51.75 
7/11/2016, 52.00 
7/12/2016, 52.50 
7/13/2016, 52.00 
7/14/2016, 51.75 
7/15/2016, 50.75 
7/20/2016, 51.00 
7/21/2016, 51.50 
7/22/2016, 52.25 
7/25/2016, 52.00 
7/26/2016, 52.50 
7/27/2016, 52.00 
7/28/2016, 51.75 
7/29/2016, 52.50 
8/1/2016, 52.25 
8/2/2016, 52.00 
8/3/2016, 52.00 
8/4/2016, 52.00 
8/5/2016, 53.25 
8/8/2016, 53.25 
8/9/2016, 54.75 
8/10/2016, 59.25 
8/11/2016, 59.25 
8/15/2016, 60.25 
8/16/2016, 59.75 
8/17/2016, 60.25 
8/18/2016, 60.25 
8/19/2016, 60.50 
8/22/2016, 59.75 
8/23/2016, 60.75 
8/24/2016, 62.25 
8/25/2016, 62.00 
8/26/2016, 61.75 
8/29/2016, 61.25 
8/30/2016, 62.25 
8/31/2016, 61.75 
9/1/2016, 61.75 
9/2/2016, 60.50 
9/5/2016, 60.50 
9/6/2016, 60.50 
9/7/2016, 59.25 
9/8/2016, 57.50 
9/9/2016, 56.75 
9/12/2016, 58.75 
9/13/2016, 58.75 
9/14/2016, 59.50 
9/15/2016, 58.50 
9/16/2016, 60.25 
9/19/2016, 60.00 
9/20/2016, 59.75 
9/21/2016, 61.75 
9/22/2016, 61.50 
9/23/2016, 61.50 
9/26/2016, 61.50 
9/27/2016, 60.75 
9/28/2016, 61.25 
9/29/2016, 61.50 
9/30/2016, 61.00 
10/3/2016, 62.25 
10/4/2016, 62.50 
10/5/2016, 63.75 
10/6/2016, 64.00 
10/7/2016, 61.50 
10/10/2016, 59.75 
10/11/2016, 59.00 
10/12/2016, 61.75 
10/13/2016, 61.25 
10/14/2016, 61.00 
10/17/2016, 60.50 
10/18/2016, 60.75 
10/19/2016, 60.75 
10/20/2016, 61.50 
10/21/2016, 62.75 
10/25/2016, 61.75 
10/26/2016, 61.00 
10/27/2016, 61.50 
10/28/2016, 60.75 
10/31/2016, 61.50 
11/1/2016, 61.25 
11/2/2016, 60.50 
11/3/2016, 60.75 
11/4/2016, 61.50 
11/7/2016, 61.50 
11/8/2016, 62.00 
11/9/2016, 63.00 
11/10/2016, 61.50 
11/11/2016, 60.50 
11/14/2016, 60.25 
11/15/2016, 61.00 
11/16/2016, 60.50 
11/17/2016, 60.50 
11/18/2016, 61.00 
11/21/2016, 60.25 
11/22/2016, 60.25 
11/23/2016, 60.00 
11/24/2016, 60.50 
11/25/2016, 60.25 
11/28/2016, 60.25 
11/29/2016, 60.25 
11/30/2016, 60.75 
12/1/2016, 60.25 
12/2/2016, 60.00 
12/6/2016, 60.25 
12/7/2016, 60.25 
12/8/2016, 60.00 
12/9/2016, 60.25 
12/13/2016, 60.50 
12/14/2016, 61.50 
12/15/2016, 61.75 
12/16/2016, 62.50 
12/19/2016, 61.75 
12/20/2016, 61.75 
12/21/2016, 61.50 
12/22/2016, 60.75 
12/23/2016, 61.50 
12/26/2016, 61.25 
12/27/2016, 61.00 
12/28/2016, 62.00 
12/29/2016, 62.50 
12/30/2016, 65.00 
1/4/2017, 64.75 
1/5/2017, 63.75 
1/6/2017, 62.00 
1/9/2017, 62.00 
1/10/2017, 61.50 
1/11/2017,
